{
  "em": 0.0,
  "contains": 0.19664268585131894,
  "f1": 0.41512881461681733,
  "rems": 0.41512881461681733,
  "hcs": 0.022367440648949258,
  "cae": 0.2685851318944844,
  "count": 1668
}